mutant,DMS_score
E23A,0.6054935994902142
E23I,0.9026525926231828
E23C,0.8662049662477879
E23D,0.9059935322392618
E23F,0.7819920367802088
E23G,0.7827830334821004
E23H,0.7509704648634037
E23K,0.6987119270966351
E23Q,0.7760799654673675
E23M,0.3214766827275103
E23N,0.8252121133832769
E23P,0.1045029142094277
E23R,0.6043634579945345
E23S,0.8576013578121267
E23T,0.8734684439865648
E23V,0.8214285335147817
E23W,0.7253353975292639
E23L,0.7927994236837381
E23Y,0.7036346561485357
D27A,0.8055579645477009
D27Y,0.6413005246090121
D27C,0.6218565286504387
D27E,0.9133928122327597
D27F,0.7357596530915661
D27G,0.42886271599717013
D27I,0.9035096745308978
D27K,0.7093726012000604
D27L,0.908760694568431
D27M,0.6760720306207071
D27H,0.6813849826285003
D27P,0.18339677874845825
D27Q,0.9459701743226264
D27R,0.38821404067252147
D27S,0.5332983069835552
D27T,0.9763005236720018
D27V,0.7808886892651119
D27W,0.6176293637454442
D27N,0.8838080004178878
C31P,0.7681662298598503
C31W,0.8199200752346607
C31V,0.893946455108009
C31T,0.651600000836117
C31S,0.7214389520063946
C31R,0.6983841613652672
C31Q,0.5548067144127627
C31N,0.5961927545963296
C31E,0.40689367472630267
C31L,0.8811276559184997
C31K,0.33980356041734977
C31I,0.6987453742226944
C31H,0.36430442081601483
C31G,0.9151582094922275
C31F,0.9333866342401675
C31D,0.6185350850504004
C31A,0.3194906275043048
C31M,0.7319527202365894
C31Y,0.8581747177238997
W366A,0.7481567144370737
W366K,0.5855493852011422
W366D,0.23614705803133773
W366E,0.5903300258351133
W366F,0.5462101817121405
W366G,0.9476264959860452
W366H,0.5092669225446584
W366I,0.793179302323182
W366L,0.27320240668753004
W366C,0.49258566242811225
W366N,0.6542545678965246
W366Y,0.6989483153445357
W366V,0.4254941354919355
W366T,0.19000040004393792
W366M,0.6882823541317535
W366R,0.6145759744752748
W366Q,0.5908886889885321
W366S,0.5541619025704908
W366P,0.07076925254498506
W499A,0.5345839131461703
W499C,0.6004666456605693
W499D,0.4122268755649497
W499E,0.601131419627879
W499F,0.5720614965853754
W499G,0.4774843858741571
W499H,0.4969044139714953
W499I,0.6009498100655024
W499K,0.3505929281831851
W499L,0.5261499879316965
W499M,0.6055832437221756
W499N,0.3959459908023614
W499P,0.037523458478826564
W499Q,0.4700627929549508
W499R,0.37960653987393
W499S,0.29625395696363677
W499T,0.3476131789277629
W499V,0.5281693654755135
W499Y,0.5717137810459672
W560D,0.2570831082999668
W582D,0.21505994789445948
W420I,0.8037116432665843
E513I,0.5971766218403937
W380D,0.3340704960455803
